,geohash6,temp,precip,precipcover,count
7,000000,79.2,2.142,70.83,1
40,000000,80.2,0.35,33.33,1
74,000000,74.7,1.86,54.17,3
112,000000,85.2,0.0,0.0,1
116,000000,83.5,0.138,16.67,2
127,000000,78.2,0.0,0.0,1
128,000000,78.4,0.021,4.17,2
156,h9dn5k,74.8,1.424,91.67,1
157,h9dn5x,80.9,0.0,0.0,1
253,h9dnyn,79.2,1.14,66.67,1
262,h9dpp3,78.8,0.036,12.5,1
336,h9dqc8,66.7,0.0,0.0,1
362,h9dqf6,78.3,3.914,75.0,1
385,h9dqvm,79.2,2.142,70.83,1
388,h9dqvy,79.2,2.142,70.83,1
441,h9dr2z,78.9,2.857,79.17,1
498,h9dr3j,79.2,2.142,70.83,3
512,h9dr3j,76.1,0.0,0.0,1
534,h9dr3j,75.4,0.0,0.0,2
566,h9dr3j,78.9,0.0,0.0,2
588,h9dr3j,80.8,0.487,45.83,2
620,h9dr3j,81.2,0.675,33.33,2
646,h9dr3j,77.2,0.006,8.33,1
670,h9dr3j,60.7,0.0,0.0,2
754,h9dr3j,85.0,0.0,0.0,1
776,h9dr3j,86.7,0.0,0.0,2
799,h9dr3j,78.9,2.857,79.17,1
814,h9dr3j,82.7,0.013,4.17,1
824,h9dr3j,78.1,0.0,0.0,1
826,h9dr3j,77.2,0.0,0.0,2
838,h9dr3j,76.1,0.0,0.0,2
879,h9dr3j,72.5,2.422,83.33,1
1090,h9dr3m,77.0,0.0,0.0,1
1176,h9dr3m,83.7,0.023,12.5,1
1203,h9dr3m,80.4,0.574,25.0,1
1206,h9dr3m,83.5,0.138,16.67,2
1208,h9dr3m,81.1,1.467,37.5,3
1230,h9dr3m,75.1,0.778,37.5,1
1270,h9dr3m,79.5,0.0,0.0,1
1337,h9dr3n,70.4,0.0,0.0,2
1634,h9dr3n,79.2,1.236,33.33,2
1661,h9dr3n,75.1,0.778,37.5,1
1674,h9dr3n,74.7,0.008,4.17,1
1748,h9dr3n,74.6,2.391,37.5,3
1799,h9dr3p,76.0,0.344,45.83,1
1841,h9dr3p,80.9,0.0,0.0,1
2063,h9dr3q,80.4,0.597,20.83,1
2072,h9dr3q,80.9,0.06,20.83,4
2267,h9dr3q,79.9,0.016,8.33,1
2286,h9dr3q,79.9,0.0,0.0,1
2305,h9dr3q,82.2,0.0,0.0,2
2410,h9dr3q,80.4,0.574,25.0,1
2419,h9dr3q,83.5,0.138,16.67,4
2470,h9dr3q,73.0,1.398,95.83,3
2485,h9dr3q,76.8,0.0,0.0,2
2616,h9dr3q,72.5,2.422,83.33,6
2628,h9dr3r,78.4,0.378,37.5,1
2637,h9dr3r,81.1,0.0,0.0,3
2644,h9dr3r,78.9,0.527,54.17,3
2651,h9dr3r,83.1,0.0,0.0,3
2661,h9dr3r,77.6,0.999,58.33,1
2753,h9dr3r,78.1,0.0,0.0,2
2755,h9dr3r,80.9,0.0,0.0,1
2761,h9dr3r,83.3,0.12,4.17,1
2806,h9dr3r,81.2,0.675,33.33,1
2848,h9dr3r,74.7,1.86,54.17,3
2852,h9dr3r,68.5,0.0,0.0,4
2965,h9dr3r,72.9,0.0,0.0,1
3093,h9dr3r,85.0,0.03,12.5,2
3122,h9dr3r,80.0,0.625,29.17,1
3140,h9dr3r,79.9,0.0,0.0,7
3177,h9dr3r,76.8,0.0,0.0,4
3203,h9dr3r,74.3,0.0,0.0,1
3437,h9dr3t,76.6,0.643,20.83,3
3600,h9dr3t,81.6,0.826,20.83,23
3649,h9dr3t,84.6,0.51,20.83,3
3678,h9dr3t,80.1,0.221,12.5,2
3727,h9dr3t,79.0,0.008,4.17,11
3752,h9dr3t,72.5,2.422,83.33,1
3796,h9dr3v,81.6,0.826,20.83,9
3812,h9dr3v,79.0,0.008,4.17,4
3844,h9dr3w,79.2,2.142,70.83,3
3854,h9dr3w,75.1,0.131,37.5,1
3934,h9dr3w,78.5,0.0,0.0,2
3991,h9dr3w,80.4,1.448,37.5,4
4042,h9dr3w,80.4,0.597,20.83,1
4194,h9dr3w,73.5,0.027,29.17,5
4269,h9dr3w,77.9,0.0,0.0,2
4292,h9dr3w,81.1,0.708,54.17,3
4311,h9dr3w,78.3,3.914,75.0,2
4313,h9dr3w,81.8,0.075,12.5,1
4374,h9dr3w,85.9,0.0,0.0,1
4426,h9dr3w,81.6,0.826,20.83,19
4456,h9dr3w,80.4,0.574,25.0,2
4500,h9dr3w,77.4,0.118,25.0,3
4502,h9dr3w,76.8,0.0,0.0,7
4532,h9dr3w,69.6,0.0,0.0,2
4553,h9dr3w,65.6,0.0,0.0,2
4580,h9dr3w,79.0,0.008,4.17,5
4607,h9dr3w,74.6,2.391,37.5,2
4610,h9dr3w,79.5,0.0,0.0,3
4624,h9dr3w,72.3,2.553,58.33,3
4626,h9dr3w,72.5,1.795,95.83,3
4634,h9dr3w,77.7,0.244,20.83,5
4639,h9dr3x,80.6,0.29,20.83,4
4681,h9dr3x,79.2,0.104,54.17,2
4685,h9dr3x,79.2,2.142,70.83,3
4718,h9dr3x,74.5,0.002,4.17,2
4791,h9dr3x,76.1,0.0,0.0,5
4890,h9dr3x,78.3,0.578,25.0,8
4913,h9dr3x,80.8,0.367,50.0,2
4946,h9dr3x,83.7,0.092,29.17,1
4974,h9dr3x,84.7,0.619,16.67,2
5072,h9dr3x,74.7,1.86,54.17,3
5272,h9dr3x,79.3,0.0,0.0,1
5315,h9dr3x,79.6,0.113,29.17,1
5347,h9dr3x,74.8,1.424,91.67,3
5350,h9dr3x,78.3,3.914,75.0,11
5365,h9dr3x,81.8,0.075,12.5,7
5377,h9dr3x,78.1,0.367,25.0,4
5380,h9dr3x,78.6,0.081,12.5,7
5391,h9dr3x,84.3,0.046,12.5,2
5398,h9dr3x,83.5,0.0,0.0,1
5533,h9dr3x,84.1,0.305,29.17,6
5600,h9dr3x,80.4,0.574,25.0,3
5606,h9dr3x,81.7,0.06,8.33,2
5613,h9dr3x,81.1,1.467,37.5,8
5624,h9dr3x,82.5,0.517,45.83,6
5628,h9dr3x,80.9,0.0,0.0,9
5641,h9dr3x,80.4,0.0,0.0,2
5644,h9dr3x,79.9,0.0,0.0,4
5652,h9dr3x,80.5,0.894,41.67,2
5671,h9dr3x,73.6,0.021,4.17,2
5688,h9dr3x,82.7,0.013,4.17,1
5710,h9dr3x,78.1,0.0,0.0,9
5736,h9dr3x,75.1,0.778,37.5,8
5739,h9dr3x,76.8,0.0,0.0,11
5777,h9dr3x,71.1,0.0,0.0,3
5926,h9dr3x,74.6,2.391,37.5,3
5932,h9dr3x,79.5,0.0,0.0,3
5954,h9dr3x,72.5,2.422,83.33,7
5958,h9dr3x,77.7,0.244,20.83,1
6215,h9dr3y,78.9,0.0,0.0,1
6241,h9dr3y,81.3,0.117,8.33,2
6384,h9dr3y,78.5,0.765,37.5,2
6406,h9dr3y,74.7,1.86,54.17,1
6662,h9dr3y,78.1,0.367,25.0,25
6787,h9dr3y,85.0,0.0,0.0,4
6803,h9dr3y,81.6,0.826,20.83,6
6819,h9dr3y,86.7,0.0,0.0,3
6933,h9dr3y,76.7,0.031,8.33,5
7079,h9dr3y,79.0,0.008,4.17,4
7141,h9dr3y,77.1,0.005,4.17,4
7143,h9dr3y,79.5,0.0,0.0,2
7157,h9dr3y,72.5,1.795,95.83,4
7160,h9dr3y,72.5,2.422,83.33,4
7196,h9dr3z,78.3,0.487,58.33,1
7197,h9dr3z,79.2,2.142,70.83,1
7334,h9dr3z,78.1,0.826,29.17,3
7418,h9dr3z,79.3,0.78,58.33,2
7420,h9dr3z,78.4,0.064,70.83,1
7432,h9dr3z,80.4,1.448,37.5,5
7472,h9dr3z,82.8,0.475,50.0,2
7508,h9dr3z,79.5,1.856,37.5,1
7520,h9dr3z,83.1,0.162,25.0,2
7644,h9dr3z,69.3,0.0,0.0,3
7650,h9dr3z,75.0,0.0,0.0,1
7669,h9dr3z,74.3,0.849,33.33,4
7763,h9dr3z,77.7,0.029,12.5,3
7833,h9dr3z,78.3,3.914,75.0,14
7847,h9dr3z,79.9,0.0,0.0,1
7849,h9dr3z,81.8,0.075,12.5,4
7855,h9dr3z,78.2,0.186,45.83,4
7871,h9dr3z,78.1,0.367,25.0,31
7908,h9dr3z,78.8,0.036,12.5,2
7951,h9dr3z,83.9,0.003,4.17,3
8059,h9dr3z,82.8,0.284,12.5,5
8093,h9dr3z,80.4,0.574,25.0,2
8110,h9dr3z,81.1,1.467,37.5,5
8112,h9dr3z,78.9,2.857,79.17,1
8113,h9dr3z,82.5,0.517,45.83,2
8118,h9dr3z,80.9,0.0,0.0,6
8150,h9dr3z,77.7,0.008,8.33,5
8186,h9dr3z,75.1,0.778,37.5,3
8204,h9dr3z,74.8,0.0,0.0,1
8435,h9dr3z,79.5,0.0,0.0,1
8439,h9dr3z,80.3,0.0,0.0,2
8449,h9dr3z,72.5,2.422,83.33,8
8482,h9dr46,77.0,1.043,54.17,1
8500,h9dr46,77.7,0.934,95.83,1
8562,h9dr46,81.4,0.102,12.5,4
8585,h9dr46,77.7,0.244,20.83,1
8590,h9dr47,83.7,0.021,8.33,1
8763,h9dr47,80.1,0.611,25.0,1
8790,h9dr47,81.3,0.412,16.67,2
8801,h9dr47,83.8,0.001,4.17,26
8856,h9dr47,84.1,0.019,4.17,2
8898,h9dr47,81.9,0.0,0.0,1
9029,h9dr47,78.8,0.02,4.17,1
9084,h9dr47,81.8,0.075,12.5,2
9160,h9dr47,85.3,0.0,0.0,7
9187,h9dr47,82.7,0.013,4.17,2
9195,h9dr47,81.4,0.102,12.5,17
9223,h9dr47,77.2,0.0,0.0,2
9295,h9dr47,75.7,0.0,0.0,1
9316,h9dr47,77.7,0.244,20.83,2
9442,h9dr4k,79.2,3.027,66.67,1
9445,h9dr4k,83.7,0.002,4.17,2
9452,h9dr4k,83.8,0.001,4.17,7
9471,h9dr4k,84.1,0.019,4.17,2
9516,h9dr4k,82.9,0.0,0.0,2
9544,h9dr4k,77.8,0.0,0.0,12
9556,h9dr4k,77.3,0.056,25.0,3
9649,h9dr4k,80.9,0.133,20.83,3
9688,h9dr4k,79.2,1.236,33.33,1
9696,h9dr4k,85.3,0.0,0.0,1
9697,h9dr4k,78.9,2.857,79.17,2
9726,h9dr4k,82.7,0.013,4.17,2
9736,h9dr4k,81.4,0.102,12.5,14
9748,h9dr4k,78.2,0.0,0.0,2
9845,h9dr4k,72.5,2.422,83.33,5
9888,h9dr4m,77.6,0.999,58.33,2
9893,h9dr4m,74.2,0.0,0.0,1
10012,h9dr4m,82.7,0.021,12.5,9
10046,h9dr4m,83.0,0.028,25.0,4
10130,h9dr4m,77.8,0.0,0.0,20
10157,h9dr4m,77.3,0.056,25.0,36
10230,h9dr4m,74.3,0.849,33.33,4
10369,h9dr4m,78.3,3.914,75.0,1
10516,h9dr4m,85.3,0.0,0.0,2
10518,h9dr4m,78.9,2.857,79.17,1
10573,h9dr4m,75.1,0.778,37.5,2
10604,h9dr4m,74.6,0.0,0.0,9
10643,h9dr4m,61.9,0.179,37.5,2
10732,h9dr4m,72.5,2.422,83.33,6
10736,h9dr4m,77.7,0.244,20.83,3
10784,h9dr4q,79.2,2.142,70.83,2
10787,h9dr4q,77.6,0.999,58.33,2
10943,h9dr4q,82.7,0.021,12.5,15
11049,h9dr4q,79.0,0.946,37.5,2
11098,h9dr4q,77.8,0.0,0.0,5
11108,h9dr4q,70.3,0.0,0.0,3
11232,h9dr4q,77.2,0.126,16.67,1
11294,h9dr4q,83.7,0.023,12.5,3
11314,h9dr4q,80.1,0.953,66.67,5
11342,h9dr4q,86.0,0.1,12.5,1
11355,h9dr4q,80.4,0.574,25.0,5
11363,h9dr4q,83.5,0.138,16.67,3
11367,h9dr4q,81.1,1.467,37.5,2
11430,h9dr4q,74.6,0.0,0.0,4
11446,h9dr4q,61.9,0.179,37.5,2
11519,h9dr4q,72.5,2.422,83.33,1
11520,h9dr4q,77.7,0.244,20.83,1
11590,h9dr4r,70.9,0.0,0.0,2
11604,h9dr4r,70.0,0.0,0.0,3
11710,h9dr4r,82.7,0.021,12.5,23
11760,h9dr4r,79.2,3.027,66.67,3
11791,h9dr4r,83.8,0.0,0.0,3
11823,h9dr4r,84.7,0.619,16.67,1
11827,h9dr4r,86.5,0.013,4.17,2
11868,h9dr4r,81.9,0.0,0.0,4
11901,h9dr4r,70.3,0.0,0.0,1
12022,h9dr4r,77.2,0.0,0.0,2
12108,h9dr4r,81.8,0.075,12.5,7
12122,h9dr4r,78.6,0.081,12.5,4
12146,h9dr4r,83.7,0.023,12.5,8
12228,h9dr4r,82.5,0.517,45.83,3
12399,h9dr4r,79.4,0.214,33.33,3
12402,h9dr4r,79.5,0.0,0.0,1
12414,h9dr4r,72.5,2.422,83.33,2
12459,h9dr4t,74.6,0.0,0.0,1
12507,h9dr4w,73.9,0.0,0.0,1
12514,h9dr4w,71.4,0.0,0.0,1
12522,h9dr4w,82.8,0.0,0.0,5
12569,h9dr4w,79.5,1.856,37.5,1
12668,h9dr4w,79.4,0.175,29.17,2
12671,h9dr4w,78.3,3.914,75.0,1
12675,h9dr4w,78.6,0.081,12.5,2
12720,h9dr4w,83.4,0.002,8.33,1
12741,h9dr4w,74.6,0.0,0.0,1
12745,h9dr4w,70.5,0.0,0.0,4
12751,h9dr4w,61.9,0.179,37.5,3
12789,h9dr4w,80.3,0.0,0.0,1
12892,h9dr4x,83.0,0.0,0.0,1
12915,h9dr4x,86.0,0.121,8.33,4
12920,h9dr4x,85.8,0.054,20.83,2
12938,h9dr4x,82.9,0.094,12.5,2
13027,h9dr4x,82.7,0.0,0.0,2
13029,h9dr4x,72.9,0.0,0.0,1
13046,h9dr4x,83.9,0.0,0.0,2
13059,h9dr4x,78.3,3.914,75.0,1
13061,h9dr4x,78.1,0.367,25.0,1
13112,h9dr4x,83.4,0.002,8.33,6
13118,h9dr4x,83.5,0.138,16.67,2
13197,h9dr4x,76.8,0.343,33.33,2
13203,h9dr4x,72.5,2.422,83.33,1
13206,h9dr5k,65.6,0.0,0.0,1
13396,h9dr62,79.0,0.946,37.5,2
13398,h9dr62,83.5,0.049,16.67,1
13404,h9dr62,79.1,0.186,20.83,3
13509,h9dr62,72.3,0.0,0.0,10
13518,h9dr62,74.2,0.0,0.0,12
13626,h9dr62,74.8,1.424,91.67,6
13672,h9dr62,81.7,0.537,41.67,3
13698,h9dr62,86.0,0.1,12.5,1
13713,h9dr62,79.2,1.236,33.33,3
13731,h9dr62,85.3,0.0,0.0,4
13785,h9dr62,75.3,0.013,4.17,2
13801,h9dr62,61.9,0.179,37.5,1
13914,h9dr63,81.7,0.173,4.17,5
14033,h9dr63,80.9,0.184,20.83,3
14060,h9dr63,79.2,3.027,66.67,2
14115,h9dr63,80.4,1.068,25.0,3
14238,h9dr63,72.3,0.0,0.0,8
14240,h9dr63,74.2,0.0,0.0,4
14301,h9dr63,76.0,0.0,0.0,6
14357,h9dr63,74.8,1.424,91.67,1
14390,h9dr63,85.0,0.0,0.0,2
14425,h9dr63,79.2,1.236,33.33,1
14433,h9dr63,82.2,0.472,29.17,1
14447,h9dr63,80.1,0.221,12.5,3
14590,h9dr63,77.1,0.005,4.17,4
14607,h9dr66,77.9,1.5,29.17,1
14638,h9dr66,77.6,0.999,58.33,4
14729,h9dr66,66.0,0.0,0.0,1
14786,h9dr66,80.9,0.184,20.83,5
14831,h9dr66,78.4,0.064,70.83,1
14854,h9dr66,80.2,0.54,16.67,3
14878,h9dr66,80.3,0.819,16.67,1
14895,h9dr66,80.1,0.206,25.0,2
14982,h9dr66,66.4,0.0,0.0,2
15022,h9dr66,74.1,0.677,58.33,1
15041,h9dr66,82.7,0.0,0.0,1
15044,h9dr66,76.0,0.0,0.0,13
15065,h9dr66,76.8,0.042,12.5,1
15113,h9dr66,84.3,0.046,12.5,3
15139,h9dr66,85.0,0.0,0.0,1
15188,h9dr66,79.2,1.236,33.33,4
15199,h9dr66,85.3,0.0,0.0,4
15206,h9dr66,78.9,2.857,79.17,2
15222,h9dr66,80.5,0.894,41.67,4
15223,h9dr66,80.1,0.221,12.5,16
15259,h9dr66,77.7,0.008,8.33,13
15270,h9dr66,82.7,0.013,4.17,3
15433,h9dr66,76.8,0.343,33.33,3
15442,h9dr66,72.3,2.553,58.33,1
15552,h9dr67,66.0,0.0,0.0,29
15665,h9dr67,80.4,1.448,37.5,4
15708,h9dr67,81.3,0.213,45.83,2
15886,h9dr67,85.0,0.0,0.0,2
15954,h9dr67,80.1,0.221,12.5,12
15968,h9dr67,73.6,0.021,4.17,2
15974,h9dr67,77.7,0.008,8.33,9
16085,h9dr67,79.5,0.0,0.0,1
16163,h9dr68,84.6,0.0,0.0,1
16176,h9dr68,78.5,0.765,37.5,1
16197,h9dr68,76.0,0.0,0.0,1
16288,h9dr69,79.2,2.142,70.83,1
16333,h9dr69,80.9,0.184,20.83,6
16508,h9dr69,76.0,0.0,0.0,6
16572,h9dr69,80.1,0.953,66.67,2
16592,h9dr69,86.7,0.0,0.0,1
16598,h9dr69,78.9,2.857,79.17,1
16637,h9dr69,71.6,0.0,0.0,2
16675,h9dr6d,77.9,1.5,29.17,11
16695,h9dr6d,79.1,1.272,41.67,3
16703,h9dr6d,81.5,0.587,29.17,1
16705,h9dr6d,79.2,2.142,70.83,5
16710,h9dr6d,80.0,0.072,25.0,1
16711,h9dr6d,77.6,0.999,58.33,4
16735,h9dr6d,74.5,0.0,0.0,1
16778,h9dr6d,73.3,0.0,0.0,1
16811,h9dr6d,80.9,0.184,20.83,15
16849,h9dr6d,78.3,0.578,25.0,3
16854,h9dr6d,79.2,3.027,66.67,1
16860,h9dr6d,80.0,1.373,66.67,2
16862,h9dr6d,80.4,1.448,37.5,1
16871,h9dr6d,82.8,0.475,50.0,1
16882,h9dr6d,81.4,0.091,37.5,2
16993,h9dr6d,76.0,0.0,0.0,12
17054,h9dr6d,79.4,0.175,29.17,4
17057,h9dr6d,74.8,1.424,91.67,6
17125,h9dr6d,81.1,1.467,37.5,2
17149,h9dr6d,78.8,0.0,0.0,1
17154,h9dr6d,75.1,0.778,37.5,1
17166,h9dr6d,74.4,0.0,0.0,2
17266,h9dr6e,79.2,2.142,70.83,1
17269,h9dr6e,77.6,0.999,58.33,3
17369,h9dr6e,77.7,0.934,95.83,2
17388,h9dr6e,84.4,0.351,25.0,2
17403,h9dr6e,82.8,0.475,50.0,1
17541,h9dr6e,79.3,0.0,0.0,10
17618,h9dr6e,74.8,1.424,91.67,2
17620,h9dr6e,78.3,3.914,75.0,1
17621,h9dr6e,81.8,0.075,12.5,2
17623,h9dr6e,78.2,0.186,45.83,2
17651,h9dr6e,84.9,0.093,12.5,1
17687,h9dr6e,83.5,0.138,16.67,1
17693,h9dr6e,81.1,1.467,37.5,1
17694,h9dr6e,82.5,0.517,45.83,1
17762,h9dr6e,76.1,0.436,16.67,2
17867,h9dr6k,83.1,0.0,0.0,7
17884,h9dr6k,74.4,0.0,0.0,2
17944,h9dr6k,66.0,0.0,0.0,20
18050,h9dr6k,80.2,0.54,16.67,5
18079,h9dr6k,81.9,0.023,12.5,2
18091,h9dr6k,79.1,0.186,20.83,1
18122,h9dr6k,74.8,0.591,50.0,1
18173,h9dr6k,67.5,0.0,0.0,1
18177,h9dr6k,74.9,0.0,0.0,1
18337,h9dr6k,80.1,0.221,12.5,7
18469,h9dr6k,74.6,2.391,37.5,1
18470,h9dr6k,80.3,0.0,0.0,1
18476,h9dr6k,80.3,0.0,0.0,4
18477,h9dr6k,79.4,0.0,0.0,15
18511,h9dr6m,79.6,0.631,50.0,3
18514,h9dr6m,81.2,0.049,12.5,2
18669,h9dr6m,80.8,0.066,12.5,1
18704,h9dr6m,71.3,0.001,4.17,1
18794,h9dr6m,84.0,0.17,20.83,1
18813,h9dr6m,87.0,0.0,0.0,3
18825,h9dr6m,84.3,0.094,4.17,1
18830,h9dr6m,85.3,0.0,0.0,1
18931,h9dr6n,79.6,0.631,50.0,2
19100,h9dr6n,77.7,0.0,0.0,4
19106,h9dr6n,77.7,0.0,0.0,1
19140,h9dr6n,81.7,0.034,8.33,7
19251,h9dr6n,85.6,0.0,0.0,3
19482,h9dr6n,75.0,0.0,0.0,4
19508,h9dr6n,78.3,3.914,75.0,3
19510,h9dr6n,79.9,0.0,0.0,1
19511,h9dr6n,81.8,0.075,12.5,1
19609,h9dr6n,81.1,1.467,37.5,2
19610,h9dr6n,78.9,2.857,79.17,2
19664,h9dr6n,78.4,0.021,4.17,4
19669,h9dr6n,78.1,0.0,0.0,9
19682,h9dr6n,74.8,0.0,0.0,5
19832,h9dr6n,74.6,2.391,37.5,1
19855,h9dr6p,79.2,1.14,66.67,3
19971,h9dr6p,80.8,0.022,4.17,2
19989,h9dr6p,80.0,1.373,66.67,2
20132,h9dr6p,69.6,0.008,4.17,2
20294,h9dr6p,80.4,0.574,25.0,1
20299,h9dr6p,81.1,1.467,37.5,1
20300,h9dr6p,78.9,2.857,79.17,2
20303,h9dr6p,75.6,0.0,0.0,2
20307,h9dr6p,79.2,0.0,0.0,3
20346,h9dr6p,75.1,0.778,37.5,2
20354,h9dr6p,78.1,0.0,0.0,1
20450,h9dr6p,79.5,0.0,0.0,5
20463,h9dr6p,72.5,1.795,95.83,5
20466,h9dr6p,72.5,2.422,83.33,2
20470,h9dr6q,77.9,1.5,29.17,1
20486,h9dr6q,81.5,0.057,16.67,2
20494,h9dr6q,79.2,1.14,66.67,3
20553,h9dr6q,70.9,0.0,0.0,3
20602,h9dr6q,77.1,0.013,4.17,3
20713,h9dr6q,83.1,0.781,20.83,3
20734,h9dr6q,78.2,0.825,58.33,2
20751,h9dr6q,83.7,0.002,4.17,5
20757,h9dr6q,80.0,1.373,66.67,3
20784,h9dr6q,80.2,0.54,16.67,1
20797,h9dr6q,85.6,0.0,0.0,1
20827,h9dr6q,80.4,1.068,25.0,4
20880,h9dr6q,74.7,1.86,54.17,3
20970,h9dr6q,75.9,0.013,16.67,1
20973,h9dr6q,75.9,0.0,0.0,4
20993,h9dr6q,74.8,0.0,0.0,4
21014,h9dr6q,77.1,0.0,0.0,13
21054,h9dr6q,82.7,0.0,0.0,3
21092,h9dr6q,81.1,0.708,54.17,2
21121,h9dr6q,79.4,0.175,29.17,3
21125,h9dr6q,74.8,1.424,91.67,5
21130,h9dr6q,81.8,0.075,12.5,4
21143,h9dr6q,83.7,0.114,8.33,1
21183,h9dr6q,85.4,0.0,0.0,3
21217,h9dr6q,85.0,0.03,12.5,1
21232,h9dr6q,86.0,0.1,12.5,2
21258,h9dr6q,84.1,0.206,29.17,30
21296,h9dr6q,79.2,1.236,33.33,5
21303,h9dr6q,80.4,0.574,25.0,3
21315,h9dr6q,80.0,0.625,29.17,12
21328,h9dr6q,85.3,0.0,0.0,2
21329,h9dr6q,81.1,1.467,37.5,3
21332,h9dr6q,78.9,2.857,79.17,3
21547,h9dr6r,84.5,0.041,4.17,3
21568,h9dr6r,79.6,0.631,50.0,3
21701,h9dr6r,74.9,0.0,0.0,1
21720,h9dr6r,73.9,0.0,0.0,16
21783,h9dr6r,78.1,0.826,29.17,1
21883,h9dr6r,77.7,0.934,95.83,3
21889,h9dr6r,80.8,0.367,50.0,2
21891,h9dr6r,83.0,0.028,25.0,1
21909,h9dr6r,83.8,0.101,12.5,2
21946,h9dr6r,81.2,0.675,33.33,1
21957,h9dr6r,81.3,0.213,45.83,4
21962,h9dr6r,82.9,0.094,12.5,2
22022,h9dr6r,74.8,0.591,50.0,1
22294,h9dr6r,80.9,0.133,20.83,6
22380,h9dr6r,82.8,0.284,12.5,7
22415,h9dr6r,84.1,0.206,29.17,16
22428,h9dr6r,84.3,0.094,4.17,3
22434,h9dr6r,79.2,1.236,33.33,3
22442,h9dr6r,80.0,0.625,29.17,4
22461,h9dr6r,75.6,0.0,0.0,1
22476,h9dr6r,80.1,0.221,12.5,1
22653,h9dr6r,72.5,1.795,95.83,4
22655,h9dr6r,72.5,2.422,83.33,3
22660,h9dr6s,77.9,1.5,29.17,3
22662,h9dr6s,78.4,0.378,37.5,1
22664,h9dr6s,84.7,0.028,12.5,2
22678,h9dr6s,79.2,0.104,54.17,2
22718,h9dr6s,64.3,0.354,16.67,2
22742,h9dr6s,65.1,0.0,0.0,3
22748,h9dr6s,73.9,0.0,0.0,4
22826,h9dr6s,82.7,0.021,12.5,1
22837,h9dr6s,77.7,0.934,95.83,1
22841,h9dr6s,81.3,0.412,16.67,3
22843,h9dr6s,80.8,0.367,50.0,1
22871,h9dr6s,85.8,0.054,20.83,1
22889,h9dr6s,81.3,0.213,45.83,11
22909,h9dr6s,81.4,0.091,37.5,4
23030,h9dr6s,77.2,0.0,0.0,4
23048,h9dr6s,78.8,0.02,4.17,2
23111,h9dr6s,74.8,1.424,91.67,1
23117,h9dr6s,79.5,0.081,16.67,3
23208,h9dr6s,80.5,0.894,41.67,1
23209,h9dr6s,80.1,0.221,12.5,2
23276,h9dr6s,66.5,0.0,0.0,4
23325,h9dr6s,80.3,0.0,0.0,12
23339,h9dr6s,72.5,1.795,95.83,1
23344,h9dr6s,72.5,2.422,83.33,5
23347,h9dr6s,77.7,0.244,20.83,3
23348,h9dr6t,77.9,1.5,29.17,12
23360,h9dr6t,84.7,0.028,12.5,1
23364,h9dr6t,84.5,0.041,4.17,4
23375,h9dr6t,81.5,0.587,29.17,1
23380,h9dr6t,77.6,0.999,58.33,2
23409,h9dr6t,60.0,0.0,0.0,1
23427,h9dr6t,71.1,0.056,16.67,3
23481,h9dr6t,78.2,0.825,58.33,3
23487,h9dr6t,78.4,0.064,70.83,1
23512,h9dr6t,86.4,0.004,4.17,1
23566,h9dr6t,74.7,1.86,54.17,3
23640,h9dr6t,77.0,0.024,12.5,1
23700,h9dr6t,79.4,0.175,29.17,1
23703,h9dr6t,78.3,3.914,75.0,1
23737,h9dr6t,84.2,0.003,4.17,2
23777,h9dr6t,83.6,0.234,41.67,2
23788,h9dr6t,80.0,0.625,29.17,3
23801,h9dr6t,85.3,0.0,0.0,4
23805,h9dr6t,81.1,1.467,37.5,3
23808,h9dr6t,78.9,2.857,79.17,6
23847,h9dr6t,73.0,1.398,95.83,1
23848,h9dr6t,76.7,0.031,8.33,1
23923,h9dr6t,79.5,0.0,0.0,1
23924,h9dr6t,80.3,0.0,0.0,1
23930,h9dr6t,80.3,0.0,0.0,20
23946,h9dr6t,72.5,2.422,83.33,1
23947,h9dr6t,77.7,0.244,20.83,1
23955,h9dr6v,77.9,1.5,29.17,2
23968,h9dr6v,77.6,0.999,58.33,1
23969,h9dr6v,75.1,0.007,12.5,1
23970,h9dr6v,74.2,0.0,0.0,1
23981,h9dr6v,75.4,0.0,0.0,1
23985,h9dr6v,77.7,0.0,0.0,1
24000,h9dr6v,85.8,0.054,20.83,1
24001,h9dr6v,85.4,0.018,12.5,2
24014,h9dr6v,81.4,0.001,4.17,4
24053,h9dr6v,78.3,3.914,75.0,1
24054,h9dr6v,81.8,0.075,12.5,2
24073,h9dr6v,81.1,1.467,37.5,1
24104,h9dr6w,77.9,1.5,29.17,6
24109,h9dr6w,78.4,0.378,37.5,1
24113,h9dr6w,84.5,0.041,4.17,5
24129,h9dr6w,79.1,1.272,41.67,3
24132,h9dr6w,79.6,0.631,50.0,6
24140,h9dr6w,78.9,0.527,54.17,3
24148,h9dr6w,83.1,0.0,0.0,4
24163,h9dr6w,80.0,0.072,25.0,2
24244,h9dr6w,62.8,0.0,0.0,2
24248,h9dr6w,73.4,0.752,25.0,1
24281,h9dr6w,75.4,0.0,0.0,2
24390,h9dr6w,77.7,0.934,95.83,1
24391,h9dr6w,78.4,0.064,70.83,2
24403,h9dr6w,80.0,1.373,66.67,4
24456,h9dr6w,82.0,0.523,37.5,2
24487,h9dr6w,80.3,0.819,16.67,1
24495,h9dr6w,81.3,0.213,45.83,2
24510,h9dr6w,80.8,0.0,0.0,4
24824,h9dr6w,79.2,0.0,0.0,3
24904,h9dr6w,79.5,0.081,16.67,3
24991,h9dr6w,84.1,0.305,29.17,1
25004,h9dr6w,86.0,0.1,12.5,3
25035,h9dr6w,83.4,0.002,8.33,1
25040,h9dr6w,85.3,0.0,0.0,2
25042,h9dr6w,78.9,2.857,79.17,2
25045,h9dr6w,82.5,0.517,45.83,2
25046,h9dr6w,80.9,0.0,0.0,9
25082,h9dr6w,81.0,0.018,8.33,5
25084,h9dr6w,73.6,0.021,4.17,3
25091,h9dr6w,77.7,0.008,8.33,5
25094,h9dr6w,77.3,0.0,0.0,3
25095,h9dr6w,79.1,0.0,0.0,6
25107,h9dr6w,79.1,0.116,20.83,2
25307,h9dr6w,77.1,0.005,4.17,2
25326,h9dr6x,77.9,1.5,29.17,7
25332,h9dr6x,78.4,0.378,37.5,1
25337,h9dr6x,84.7,0.028,12.5,8
25352,h9dr6x,81.5,0.057,16.67,2
25359,h9dr6x,80.6,0.008,4.17,3
25363,h9dr6x,79.6,0.631,50.0,5
25366,h9dr6x,75.9,2.496,91.67,1
25367,h9dr6x,78.9,0.527,54.17,5
25440,h9dr6x,76.3,0.186,12.5,2
25454,h9dr6x,66.8,0.117,20.83,2
25494,h9dr6x,75.8,0.0,0.0,4
25498,h9dr6x,77.0,1.043,54.17,1
25505,h9dr6x,74.0,0.155,33.33,3
25527,h9dr6x,79.5,0.0,0.0,2
25552,h9dr6x,79.8,0.088,16.67,13
25563,h9dr6x,81.1,0.0,0.0,4
25611,h9dr6x,81.6,0.072,25.0,3
25637,h9dr6x,79.2,3.027,66.67,2
25638,h9dr6x,77.7,0.934,95.83,1
25639,h9dr6x,78.4,0.064,70.83,1
25641,h9dr6x,80.8,0.367,50.0,2
25643,h9dr6x,83.7,0.002,4.17,1
25660,h9dr6x,84.4,0.351,25.0,2
25706,h9dr6x,80.3,0.819,16.67,1
25709,h9dr6x,81.9,0.023,12.5,3
25712,h9dr6x,83.9,0.112,12.5,2
25718,h9dr6x,81.3,0.213,45.83,3
25766,h9dr6x,78.6,0.0,0.0,1
25888,h9dr6x,58.8,0.0,0.0,3
25921,h9dr6x,75.6,0.0,0.0,3
26099,h9dr6x,78.3,3.914,75.0,2
26108,h9dr6x,78.2,0.186,45.83,5
26238,h9dr6x,83.5,0.206,20.83,2
26265,h9dr6x,78.9,2.857,79.17,3
26509,h9dr6x,72.5,1.795,95.83,4
26520,h9dr6y,77.9,1.5,29.17,12
26532,h9dr6y,78.4,0.378,37.5,2
26534,h9dr6y,84.5,0.041,4.17,1
26544,h9dr6y,79.1,1.272,41.67,3
26550,h9dr6y,75.9,2.496,91.67,1
26551,h9dr6y,78.9,0.527,54.17,2
26555,h9dr6y,81.5,0.587,29.17,2
26558,h9dr6y,76.8,0.0,0.0,3
26567,h9dr6y,78.3,0.487,58.33,1
26569,h9dr6y,76.2,2.165,95.83,2
26570,h9dr6y,79.2,2.142,70.83,3
26575,h9dr6y,77.6,0.999,58.33,4
26578,h9dr6y,77.8,0.006,8.33,1
26617,h9dr6y,62.8,0.0,0.0,1
26725,h9dr6y,80.8,0.367,50.0,2
26740,h9dr6y,86.0,0.145,8.33,3
26779,h9dr6y,85.3,0.102,8.33,2
26796,h9dr6y,83.5,0.049,16.67,1
26834,h9dr6y,82.0,0.008,4.17,2
26854,h9dr6y,81.4,0.001,4.17,5
26894,h9dr6y,71.2,0.0,0.0,4
27081,h9dr6y,78.3,3.914,75.0,3
27086,h9dr6y,81.8,0.075,12.5,6
27105,h9dr6y,83.7,0.114,8.33,1
27147,h9dr6y,80.1,0.953,66.67,1
27197,h9dr6y,80.4,0.574,25.0,10
27211,h9dr6y,83.4,0.002,8.33,3
27218,h9dr6y,82.2,0.472,29.17,1
27220,h9dr6y,81.1,1.467,37.5,2
27221,h9dr6y,78.9,2.857,79.17,8
27241,h9dr6y,80.5,0.894,41.67,3
27247,h9dr6y,81.0,0.018,8.33,3
27273,h9dr6y,78.4,0.021,4.17,3
27399,h9dr6y,74.6,2.391,37.5,3
27412,h9dr6y,72.3,2.553,58.33,7
27420,h9dr6y,72.5,2.422,83.33,5
27423,h9dr6z,77.9,1.5,29.17,7
27430,h9dr6z,84.5,0.041,4.17,2
27431,h9dr6z,82.8,0.264,25.0,5
27440,h9dr6z,79.1,1.272,41.67,5
27443,h9dr6z,79.6,0.631,50.0,4
27461,h9dr6z,79.2,0.104,54.17,1
27486,h9dr6z,74.9,0.0,0.0,2
27514,h9dr6z,72.7,0.0,0.0,2
27570,h9dr6z,77.7,0.0,0.0,1
27612,h9dr6z,81.3,0.412,16.67,2
27622,h9dr6z,80.0,1.373,66.67,4
27647,h9dr6z,86.0,0.121,8.33,3
27706,h9dr6z,77.9,1.041,54.17,4
27720,h9dr6z,70.5,0.0,0.0,3
27819,h9dr6z,81.1,0.708,54.17,2
27826,h9dr6z,79.4,0.175,29.17,1
27828,h9dr6z,78.3,3.914,75.0,2
27830,h9dr6z,81.8,0.075,12.5,8
27852,h9dr6z,82.1,0.168,12.5,4
27912,h9dr6z,82.0,0.458,33.33,2
27916,h9dr6z,84.1,0.206,29.17,6
27926,h9dr6z,80.4,0.574,25.0,2
27933,h9dr6z,83.4,0.002,8.33,2
27935,h9dr6z,83.5,0.138,16.67,2
27937,h9dr6z,85.3,0.0,0.0,3
27940,h9dr6z,78.9,2.857,79.17,3
27944,h9dr6z,82.5,0.517,45.83,2
27948,h9dr6z,79.9,0.0,0.0,3
28250,h9dr92,76.3,0.0,0.0,1
28289,h9dr92,80.4,0.597,20.83,1
28302,h9dr92,79.1,0.078,4.17,1
28467,h9dr92,81.1,1.467,37.5,2
28470,h9dr92,75.6,0.0,0.0,1
28557,h9dr93,83.9,0.114,12.5,1
28608,h9dr98,83.5,0.0,0.0,1
28721,h9dr98,77.0,1.043,54.17,2
28742,h9dr98,72.9,0.044,33.33,3
28762,h9dr98,70.4,0.0,0.0,1
28772,h9dr98,75.2,0.487,37.5,4
28791,h9dr98,79.8,0.088,16.67,4
28802,h9dr98,78.5,0.0,0.0,6
28875,h9dr98,80.8,0.487,45.83,1
28882,h9dr98,79.2,3.027,66.67,8
28900,h9dr98,83.0,0.028,25.0,2
29007,h9dr98,81.3,0.213,45.83,3
29018,h9dr98,79.5,1.856,37.5,2
29236,h9dr98,77.2,0.0,0.0,4
29323,h9dr98,79.8,0.0,0.0,4
29325,h9dr98,83.9,0.0,0.0,2
29393,h9dr98,74.8,1.424,91.67,5
29398,h9dr98,78.3,3.914,75.0,1
29401,h9dr98,79.5,0.081,16.67,2
29406,h9dr98,78.1,0.367,25.0,6
29627,h9dr98,83.6,0.007,4.17,3
29635,h9dr98,81.1,1.467,37.5,3
29637,h9dr98,78.9,2.857,79.17,3
29642,h9dr98,80.4,0.0,0.0,2
29709,h9dr98,76.8,0.0,0.0,4
29755,h9dr98,76.8,0.0,0.0,4
29834,h9dr98,77.0,0.004,8.33,18
29851,h9dr98,76.1,0.0,0.0,1
29858,h9dr98,76.0,0.0,0.0,2
29957,h9dr98,74.6,2.391,37.5,3
29967,h9dr98,79.4,0.0,0.0,4
29973,h9dr98,72.5,1.795,95.83,5
29976,h9dr98,72.5,2.422,83.33,12
29995,h9dr99,84.5,0.04,4.17,1
30041,h9dr99,62.0,0.016,8.33,2
30095,h9dr99,77.1,0.013,4.17,1
30118,h9dr99,78.1,0.0,0.0,1
30167,h9dr99,83.2,0.008,4.17,2
30226,h9dr99,78.2,0.825,58.33,2
30229,h9dr99,80.8,0.022,4.17,2
30280,h9dr99,84.6,0.021,4.17,1
30300,h9dr99,81.4,0.28,25.0,3
30335,h9dr99,82.4,0.008,4.17,2
30557,h9dr99,74.8,1.424,91.67,3
30677,h9dr99,81.1,1.467,37.5,1
30686,h9dr99,79.9,0.0,0.0,2
30691,h9dr99,83.8,0.09,8.33,3
30771,h9dr99,77.0,0.004,8.33,9
30780,h9dr99,76.1,0.0,0.0,1
30814,h9dr99,74.6,2.391,37.5,2
30823,h9dr99,72.5,2.422,83.33,3
30854,h9dr9b,78.9,0.527,54.17,1
31028,h9dr9b,77.7,0.0,0.0,2
31083,h9dr9b,78.5,0.005,4.17,2
31096,h9dr9b,80.0,0.616,41.67,6
31119,h9dr9b,81.3,0.412,16.67,2
31122,h9dr9b,80.8,0.367,50.0,4
31211,h9dr9b,80.8,0.0,0.0,1
31222,h9dr9b,80.5,0.017,8.33,5
31366,h9dr9b,74.3,0.849,33.33,3
31457,h9dr9b,80.5,0.0,0.0,3
31523,h9dr9b,77.8,0.0,0.0,1
31572,h9dr9b,74.8,1.424,91.67,1
31573,h9dr9b,78.3,3.914,75.0,2
31577,h9dr9b,81.8,0.075,12.5,4
31581,h9dr9b,79.5,0.081,16.67,1
31582,h9dr9b,78.1,0.367,25.0,8
31607,h9dr9b,83.7,0.114,8.33,6
31658,h9dr9b,81.7,0.537,41.67,4
31705,h9dr9b,82.8,0.284,12.5,12
31748,h9dr9b,83.6,0.234,41.67,3
31761,h9dr9b,80.0,0.625,29.17,1
31775,h9dr9b,78.9,2.857,79.17,1
31779,h9dr9b,80.9,0.0,0.0,4
31783,h9dr9b,79.9,0.0,0.0,3
31946,h9dr9b,77.0,0.004,8.33,3
32067,h9dr9b,79.5,0.0,0.0,8
32089,h9dr9b,72.5,1.795,95.83,4
32094,h9dr9b,72.5,2.422,83.33,6
32101,h9dr9c,80.6,0.29,20.83,2
32118,h9dr9c,79.1,1.272,41.67,3
32144,h9dr9c,76.2,2.165,95.83,1
32216,h9dr9c,69.6,0.0,0.0,3
32220,h9dr9c,62.8,0.0,0.0,2
32242,h9dr9c,77.0,1.043,54.17,2
32299,h9dr9c,78.1,0.826,29.17,1
32314,h9dr9c,81.7,0.034,8.33,3
32352,h9dr9c,78.3,0.578,25.0,1
32358,h9dr9c,79.2,3.027,66.67,6
32428,h9dr9c,81.4,0.28,25.0,3
32431,h9dr9c,80.9,0.06,20.83,2
32434,h9dr9c,82.2,0.055,4.17,3
32454,h9dr9c,78.5,0.765,37.5,3
32496,h9dr9c,77.2,0.006,8.33,2
32729,h9dr9c,82.3,0.003,4.17,2
32746,h9dr9c,78.3,3.914,75.0,5
32753,h9dr9c,79.5,0.081,16.67,1
32766,h9dr9c,78.6,0.081,12.5,14
32851,h9dr9c,85.5,0.0,0.0,2
32855,h9dr9c,82.8,0.284,12.5,1
32886,h9dr9c,86.3,0.018,8.33,4
32900,h9dr9c,79.2,1.236,33.33,3
32908,h9dr9c,85.3,0.0,0.0,2
32919,h9dr9c,78.7,0.005,4.17,5
32942,h9dr9c,77.7,0.008,8.33,3
32975,h9dr9c,75.1,0.778,37.5,2
32992,h9dr9c,70.5,0.0,0.0,2
33045,h9dr9c,73.4,0.0,0.0,2
33050,h9dr9c,74.8,0.0,0.0,2
33110,h9dr9c,80.3,0.0,0.0,2
33122,h9dr9c,72.5,2.422,83.33,4
33124,h9dr9c,77.7,0.244,20.83,3
33182,h9dr9d,69.9,0.0,0.0,1
33186,h9dr9d,76.6,0.0,0.0,1
33236,h9dr9d,78.3,0.578,25.0,2
33284,h9dr9d,80.4,0.597,20.83,2
33285,h9dr9d,83.5,0.049,16.67,1
33386,h9dr9d,75.9,0.013,16.67,1
33457,h9dr9d,81.8,0.075,12.5,5
33538,h9dr9d,84.3,0.094,4.17,1
33545,h9dr9d,85.3,0.0,0.0,3
33549,h9dr9d,81.1,1.467,37.5,1
33595,h9dr9d,54.6,0.0,0.0,1
33642,h9dr9d,74.6,2.391,37.5,4
33646,h9dr9d,77.1,0.005,4.17,2
33654,h9dr9d,80.3,0.0,0.0,2
33689,h9dr9e,77.0,1.043,54.17,2
33728,h9dr9e,85.4,0.018,12.5,1
33736,h9dr9e,82.9,0.094,12.5,1
33737,h9dr9e,80.4,1.068,25.0,1
33753,h9dr9e,70.9,0.0,0.0,1
33767,h9dr9e,65.6,0.0,0.0,4
33929,h9dr9e,73.7,0.0,0.0,1
33930,h9dr9e,74.8,0.0,0.0,2
33960,h9dr9f,78.4,0.378,37.5,2
34004,h9dr9f,77.6,0.999,58.33,2
34212,h9dr9f,79.8,0.012,12.5,3
34215,h9dr9f,79.6,0.011,16.67,3
34231,h9dr9f,80.0,0.616,41.67,3
34258,h9dr9f,78.4,0.064,70.83,4
34261,h9dr9f,80.8,0.367,50.0,3
34349,h9dr9f,80.4,0.597,20.83,3
34359,h9dr9f,83.5,0.049,16.67,3
34417,h9dr9f,73.8,0.088,29.17,1
34669,h9dr9f,74.8,1.424,91.67,7
34675,h9dr9f,78.3,3.914,75.0,5
34680,h9dr9f,81.8,0.075,12.5,4
34785,h9dr9f,84.8,0.0,0.0,2
34804,h9dr9f,82.8,0.284,12.5,1
34854,h9dr9f,78.9,2.857,79.17,3
34860,h9dr9f,80.9,0.0,0.0,3
34891,h9dr9f,81.0,0.018,8.33,3
34925,h9dr9f,79.5,0.317,12.5,1
34974,h9dr9f,68.9,0.0,0.0,6
35096,h9dr9f,72.5,1.795,95.83,2
35102,h9dr9f,77.7,0.244,20.83,3
35110,h9dr9g,77.9,1.5,29.17,3
35170,h9dr9g,75.1,0.007,12.5,1
35196,h9dr9g,62.7,0.0,0.0,3
35258,h9dr9g,75.1,0.0,0.0,1
35267,h9dr9g,77.0,1.043,54.17,4
35268,h9dr9g,78.0,0.267,25.0,1
35328,h9dr9g,78.9,0.0,0.0,7
35376,h9dr9g,80.2,0.178,16.67,2
35451,h9dr9g,81.4,1.002,37.5,1
35458,h9dr9g,80.0,1.373,66.67,3
35538,h9dr9g,82.2,0.055,4.17,3
35774,h9dr9g,77.1,0.0,0.0,8
35877,h9dr9g,78.3,3.914,75.0,4
35903,h9dr9g,78.6,0.081,12.5,12
35939,h9dr9g,83.9,0.003,4.17,3
36073,h9dr9g,78.9,2.857,79.17,1
36078,h9dr9g,80.9,0.0,0.0,6
36119,h9dr9g,76.7,0.031,8.33,6
36169,h9dr9g,68.9,0.0,0.0,10
36273,h9dr9s,77.0,1.043,54.17,2
36286,h9dr9s,77.7,0.0,0.0,1
36288,h9dr9s,80.2,0.178,16.67,1
36289,h9dr9s,79.9,0.45,33.33,1
36297,h9dr9s,81.3,0.412,16.67,1
36313,h9dr9s,81.6,0.0,0.0,1
36323,h9dr9s,74.7,1.86,54.17,1
36357,h9dr9s,77.9,0.0,0.0,1
36362,h9dr9s,82.3,0.0,0.0,1
36364,h9dr9s,83.3,0.021,4.17,2
36373,h9dr9s,84.3,0.0,0.0,3
36382,h9dr9s,80.1,0.953,66.67,5
36391,h9dr9s,84.0,0.17,20.83,1
36400,h9dr9s,86.3,0.018,8.33,5
36406,h9dr9s,84.6,0.51,20.83,1
36409,h9dr9s,81.1,1.467,37.5,2
36411,h9dr9s,78.9,2.857,79.17,2
36413,h9dr9s,80.5,0.894,41.67,4
36419,h9dr9s,82.7,0.013,4.17,1
36420,h9dr9s,79.1,0.116,20.83,1
36421,h9dr9s,76.7,0.031,8.33,1
36422,h9dr9s,75.1,0.778,37.5,1
36424,h9dr9s,78.1,0.0,0.0,4
36438,h9dr9s,73.7,0.0,0.0,3
36441,h9dr9s,74.8,0.0,0.0,5
36448,h9dr9s,65.6,0.0,0.0,2
36457,h9dr9s,79.1,0.0,0.0,3
36461,h9dr9s,77.1,0.005,4.17,2
36587,h9dr9u,75.1,0.131,37.5,2
36754,h9dr9u,78.4,0.064,70.83,4
36780,h9dr9u,82.9,0.488,25.0,2
36846,h9dr9u,80.8,0.066,12.5,2
36851,h9dr9u,82.4,0.008,4.17,2
36914,h9dr9u,63.8,0.0,0.0,3
36998,h9dr9u,77.2,0.126,16.67,1
37000,h9dr9u,77.9,0.0,0.0,4
37052,h9dr9u,78.3,3.914,75.0,4
37057,h9dr9u,81.8,0.075,12.5,1
37081,h9dr9u,84.8,0.0,0.0,1
37187,h9dr9u,80.4,0.574,25.0,2
37196,h9dr9u,78.9,2.857,79.17,2
37198,h9dr9u,82.5,0.517,45.83,1
37209,h9dr9u,80.5,0.894,41.67,1
37297,h9dr9u,73.7,0.0,0.0,4
37304,h9dr9u,65.6,0.0,0.0,4
37314,h9dr9u,76.4,0.0,0.0,5
37343,h9dr9u,74.6,2.391,37.5,2
37468,h9dr9v,75.4,0.0,0.0,4
37478,h9dr9v,76.3,0.0,0.0,1
37496,h9dr9v,80.2,0.178,16.67,6
37542,h9dr9v,84.1,0.019,4.17,2
37553,h9dr9v,84.7,0.619,16.67,1
37593,h9dr9v,74.8,0.591,50.0,1
37668,h9dr9v,77.9,0.0,0.0,1
37673,h9dr9v,79.8,0.0,0.0,1
37693,h9dr9v,84.3,0.0,0.0,3
37699,h9dr9v,83.7,0.114,8.33,2
37753,h9dr9v,80.0,0.625,29.17,1
37765,h9dr9v,80.1,0.221,12.5,3
37854,h9dr9y,83.1,0.0,0.0,2
37937,h9dr9y,73.8,0.089,16.67,1
38077,h9dr9z,81.7,0.014,12.5,1
38129,h9drcb,67.3,0.0,0.0,1
38159,h9drcx,69.6,0.008,4.17,1
38328,h9drd0,78.1,0.0,0.0,2
38422,h9drd0,78.4,0.064,70.83,2
38530,h9drd0,80.1,0.206,25.0,25
38545,h9drd0,80.8,0.0,0.0,4
38555,h9drd0,78.5,0.765,37.5,35
38590,h9drd0,80.5,0.017,8.33,4
38597,h9drd0,81.9,0.0,0.0,4
38620,h9drd0,75.1,0.0,0.0,2
38646,h9drd0,68.2,0.0,0.0,3
38904,h9drd0,80.1,0.953,66.67,2
38969,h9drd0,78.9,2.857,79.17,5
39178,h9drd0,77.7,0.244,20.83,5
39204,h9drd1,79.2,0.104,54.17,5
39301,h9drd1,78.0,0.267,25.0,2
39420,h9drd1,83.3,0.12,4.17,2
39424,h9drd1,80.2,0.35,33.33,1
39426,h9drd1,78.4,0.064,70.83,2
39435,h9drd1,83.8,0.001,4.17,2
39482,h9drd1,83.6,0.198,16.67,4
39485,h9drd1,85.4,0.021,8.33,6
39504,h9drd1,79.0,0.946,37.5,3
39510,h9drd1,83.5,0.049,16.67,1
39517,h9drd1,79.5,1.856,37.5,3
39525,h9drd1,81.6,0.0,0.0,1
39544,h9drd1,80.3,0.005,4.17,4
39596,h9drd1,76.2,0.423,33.33,3
39648,h9drd1,53.7,0.0,0.0,9
39734,h9drd1,77.2,0.126,16.67,4
39762,h9drd1,78.3,0.375,25.0,1
39783,h9drd1,74.8,1.424,91.67,3
39820,h9drd1,81.7,0.537,41.67,6
39825,h9drd1,85.4,0.0,0.0,3
39834,h9drd1,80.1,0.953,66.67,3
39837,h9drd1,84.8,0.0,0.0,6
39916,h9drd1,80.4,0.574,25.0,4
39917,h9drd1,80.0,0.625,29.17,1
39921,h9drd1,83.5,0.138,16.67,2
39928,h9drd1,81.1,1.467,37.5,6
39934,h9drd1,78.9,2.857,79.17,11
39951,h9drd1,79.9,0.0,0.0,2
39961,h9drd1,82.3,0.0,0.0,1
39976,h9drd1,71.3,0.0,0.0,4
40001,h9drd1,75.1,0.778,37.5,2
40180,h9drd1,72.5,1.795,95.83,6
40261,h9drd2,60.6,0.0,0.0,1
40264,h9drd2,74.9,0.0,0.0,2
40355,h9drd2,73.9,0.0,0.0,29
40420,h9drd2,83.2,0.008,4.17,1
40447,h9drd2,82.4,0.521,8.33,2
40507,h9drd2,83.3,0.12,4.17,4
40546,h9drd2,85.1,0.034,4.17,4
40600,h9drd2,80.4,0.597,20.83,2
40606,h9drd2,81.9,0.023,12.5,2
40607,h9drd2,83.5,0.049,16.67,3
40619,h9drd2,81.4,0.28,25.0,3
40668,h9drd2,74.2,0.004,4.17,1
40749,h9drd2,75.6,0.0,0.0,4
40758,h9drd2,78.4,0.0,0.0,2
40827,h9drd2,83.0,0.0,0.0,2
40912,h9drd2,84.9,0.0,0.0,1
40930,h9drd2,82.8,0.284,12.5,15
40969,h9drd2,83.6,0.234,41.67,2
40998,h9drd2,79.9,0.0,0.0,6
41058,h9drd2,74.4,0.0,0.0,2
41075,h9drd2,73.1,0.302,20.83,3
41198,h9drd3,79.1,1.272,41.67,2
41406,h9drd3,84.6,0.0,0.0,1
41413,h9drd3,83.8,0.0,0.0,5
41473,h9drd3,86.6,0.0,0.0,23
41479,h9drd3,85.4,0.021,8.33,7
41508,h9drd3,80.4,1.068,25.0,2
41509,h9drd3,82.2,0.055,4.17,4
41555,h9drd3,74.7,1.86,54.17,5
41613,h9drd3,71.3,0.001,4.17,3
41758,h9drd3,79.4,0.175,29.17,2
41962,h9drd3,75.7,0.0,0.0,1
41971,h9drd3,65.6,0.0,0.0,2
42039,h9drd3,72.5,2.422,83.33,1
42045,h9drd4,78.4,0.378,37.5,1
42055,h9drd4,83.7,0.021,8.33,4
42145,h9drd4,77.0,1.043,54.17,1
42176,h9drd4,72.6,0.0,0.0,3
42179,h9drd4,77.0,0.564,20.83,1
42220,h9drd4,78.7,0.022,8.33,1
42235,h9drd4,81.6,0.072,25.0,3
42246,h9drd4,78.3,0.578,25.0,3
42248,h9drd4,83.3,0.12,4.17,1
42257,h9drd4,77.7,0.934,95.83,2
42262,h9drd4,78.4,0.064,70.83,4
42270,h9drd4,81.5,0.039,12.5,5
42294,h9drd4,80.2,0.54,16.67,2
42306,h9drd4,82.8,0.475,50.0,3
42330,h9drd4,86.6,0.0,0.0,11
42358,h9drd4,80.4,1.068,25.0,2
42395,h9drd4,80.3,0.0,0.0,10
42427,h9drd4,74.7,1.86,54.17,1
42462,h9drd4,76.5,0.0,0.0,2
42465,h9drd4,77.0,0.0,0.0,3
42567,h9drd4,75.6,0.0,0.0,4
42578,h9drd4,78.4,0.074,16.67,2
42618,h9drd4,77.9,0.0,0.0,3
42627,h9drd4,79.8,0.0,0.0,4
42648,h9drd4,79.9,0.016,8.33,2
42667,h9drd4,78.3,3.914,75.0,2
42668,h9drd4,81.8,0.075,12.5,1
42682,h9drd4,84.3,0.0,0.0,1
42683,h9drd4,84.3,0.046,12.5,2
42686,h9drd4,84.2,0.0,0.0,6
42693,h9drd4,82.1,0.168,12.5,2
42698,h9drd4,84.1,0.0,0.0,5
42736,h9drd4,80.1,0.953,66.67,4
42811,h9drd4,79.2,1.236,33.33,1
42826,h9drd4,81.1,1.467,37.5,2
42828,h9drd4,78.9,2.857,79.17,3
42835,h9drd4,80.9,0.0,0.0,2
42857,h9drd4,81.0,0.018,8.33,4
42884,h9drd4,76.7,0.031,8.33,6
42900,h9drd4,72.7,3.52,83.33,2
42902,h9drd4,75.1,0.778,37.5,2
42942,h9drd4,74.7,0.008,4.17,4
42976,h9drd4,68.9,0.0,0.0,1
42993,h9drd4,76.0,0.0,0.0,2
43131,h9drd5,78.3,0.0,0.0,1
43148,h9drd5,70.6,1.001,29.17,4
43190,h9drd5,62.8,0.0,0.0,1
43260,h9drd5,70.4,0.0,0.0,3
43287,h9drd5,80.2,0.178,16.67,1
43288,h9drd5,81.7,0.034,8.33,3
43334,h9drd5,83.3,0.12,4.17,4
43342,h9drd5,82.1,0.361,25.0,2
43350,h9drd5,77.7,0.934,95.83,6
43372,h9drd5,80.0,1.373,66.67,8
43376,h9drd5,83.8,0.001,4.17,3
43379,h9drd5,83.5,0.072,12.5,5
43423,h9drd5,86.6,0.0,0.0,1
43427,h9drd5,80.4,0.597,20.83,2
43442,h9drd5,81.3,0.213,45.83,2
43448,h9drd5,80.4,1.068,25.0,5
43455,h9drd5,80.1,0.206,25.0,1
43458,h9drd5,81.6,0.0,0.0,3
43463,h9drd5,80.8,0.232,12.5,1
43511,h9drd5,80.3,0.0,0.0,32
43532,h9drd5,82.4,0.008,4.17,3
43545,h9drd5,74.7,1.86,54.17,5
43559,h9drd5,77.2,0.006,8.33,2
43587,h9drd5,72.3,0.0,0.0,3
43607,h9drd5,63.8,0.0,0.0,9
43707,h9drd5,77.8,0.0,0.0,4
43713,h9drd5,79.9,0.016,8.33,3
43720,h9drd5,83.3,0.021,4.17,4
43731,h9drd5,78.3,3.914,75.0,10
43741,h9drd5,79.9,0.0,0.0,1
43750,h9drd5,78.2,0.186,45.83,8
43752,h9drd5,79.5,0.081,16.67,2
43760,h9drd5,78.6,0.081,12.5,4
43763,h9drd5,84.3,0.0,0.0,3
43777,h9drd5,82.2,0.0,0.0,3
43779,h9drd5,84.1,0.0,0.0,3
43785,h9drd5,83.7,0.023,12.5,2
43859,h9drd5,80.1,0.953,66.67,1
43860,h9drd5,84.8,0.0,0.0,2
43898,h9drd5,86.0,0.1,12.5,2
43916,h9drd5,84.1,0.206,29.17,1
43935,h9drd5,78.9,2.857,79.17,6
43947,h9drd5,80.9,0.0,0.0,10
43978,h9drd5,77.7,0.008,8.33,1
43985,h9drd5,82.7,0.013,4.17,5
43996,h9drd5,79.1,0.116,20.83,4
44004,h9drd5,76.7,0.031,8.33,7
44061,h9drd5,68.9,0.0,0.0,7
44072,h9drd5,75.7,0.0,0.0,1
44172,h9drd5,77.1,0.005,4.17,1
44189,h9drd5,72.5,2.422,83.33,2
44209,h9drd6,81.5,0.057,16.67,7
44302,h9drd6,73.4,0.752,25.0,1
44365,h9drd6,75.2,0.487,37.5,3
44452,h9drd6,80.4,1.448,37.5,6
44460,h9drd6,83.5,0.072,12.5,2
44463,h9drd6,84.7,0.003,4.17,2
44491,h9drd6,84.7,0.619,16.67,3
44508,h9drd6,86.6,0.0,0.0,5
44526,h9drd6,83.6,0.0,0.0,1
44530,h9drd6,82.2,0.055,4.17,5
44586,h9drd6,79.5,0.002,4.17,4
44595,h9drd6,80.3,0.0,0.0,5
44615,h9drd6,74.7,1.86,54.17,3
44630,h9drd6,74.8,0.591,50.0,5
44635,h9drd6,74.5,0.013,4.17,2
44651,h9drd6,76.5,0.0,0.0,1
44661,h9drd6,75.8,0.0,0.0,1
44677,h9drd6,69.6,0.008,4.17,2
44679,h9drd6,63.8,0.0,0.0,4
44778,h9drd6,77.2,2.002,20.83,3
44824,h9drd6,78.1,0.367,25.0,3
44832,h9drd6,83.7,0.114,8.33,2
44879,h9drd6,82.8,0.284,12.5,6
44895,h9drd6,86.3,0.018,8.33,2
44898,h9drd6,83.6,0.234,41.67,1
44900,h9drd6,84.6,0.51,20.83,3
44912,h9drd6,83.5,0.206,20.83,4
44930,h9drd6,81.1,1.467,37.5,4
44937,h9drd6,80.9,0.0,0.0,3
44954,h9drd6,80.5,0.894,41.67,3
44984,h9drd6,73.0,1.398,95.83,4
45068,h9drd6,68.9,0.0,0.0,4
45169,h9drd7,80.6,0.008,4.17,1
45176,h9drd7,81.2,0.049,12.5,1
45182,h9drd7,81.2,0.139,25.0,3
45205,h9drd7,78.3,0.487,58.33,3
45211,h9drd7,80.0,0.072,25.0,4
45265,h9drd7,70.1,0.0,0.0,5
45415,h9drd7,79.8,0.088,16.67,1
45443,h9drd7,83.1,0.781,20.83,4
45468,h9drd7,80.0,0.616,41.67,3
45482,h9drd7,79.3,0.78,58.33,2
45487,h9drd7,81.3,0.412,16.67,2
45493,h9drd7,80.8,0.367,50.0,4
45503,h9drd7,83.8,0.001,4.17,2
45519,h9drd7,82.9,0.488,25.0,3
45540,h9drd7,84.7,0.619,16.67,3
45565,h9drd7,80.4,0.597,20.83,4
45570,h9drd7,81.9,0.023,12.5,1
45575,h9drd7,81.7,0.36,16.67,5
45603,h9drd7,80.8,0.232,12.5,1
45637,h9drd7,78.6,0.0,0.0,15
45657,h9drd7,81.4,0.001,4.17,4
45659,h9drd7,77.9,1.041,54.17,2
45669,h9drd7,74.7,1.86,54.17,7
45684,h9drd7,74.8,0.591,50.0,2
45920,h9drd7,83.3,0.021,4.17,3
45945,h9drd7,81.8,0.075,12.5,5
46015,h9drd7,80.1,0.953,66.67,10
46046,h9drd7,84.6,0.51,20.83,5
46052,h9drd7,84.1,0.206,29.17,2
46061,h9drd7,79.2,1.236,33.33,1
46076,h9drd7,81.1,1.467,37.5,2
46078,h9drd7,80.9,0.0,0.0,5
46097,h9drd7,69.0,0.388,29.17,2
46124,h9drd7,76.7,0.031,8.33,1
46199,h9drd7,71.4,0.0,0.0,5
46371,h9drd8,78.3,0.487,58.33,2
46372,h9drd8,79.2,2.142,70.83,1
46464,h9drd8,79.8,0.088,16.67,20
46480,h9drd8,81.1,0.0,0.0,8
46571,h9drd8,83.8,0.381,29.17,3
46582,h9drd8,85.6,0.0,0.0,1
46645,h9drd8,82.4,0.008,4.17,1
46856,h9drd8,81.8,0.075,12.5,11
46964,h9drd8,85.3,0.0,0.0,7
46968,h9drd8,78.9,2.857,79.17,2
46982,h9drd8,79.6,0.0,0.0,6
47002,h9drd8,79.1,0.116,20.83,3
47009,h9drd8,78.1,0.0,0.0,1
47011,h9drd8,75.1,0.778,37.5,2
47064,h9drd8,74.4,0.01,8.33,1
47144,h9drd9,78.9,0.049,16.67,1
47318,h9drd9,84.0,0.0,0.0,4
47326,h9drd9,78.2,0.825,58.33,2
47352,h9drd9,83.5,0.072,12.5,2
47357,h9drd9,86.0,0.145,8.33,2
47390,h9drd9,80.4,0.597,20.83,3
47398,h9drd9,82.9,0.094,12.5,3
47438,h9drd9,80.8,0.066,12.5,6
47461,h9drd9,74.7,1.86,54.17,5
47466,h9drd9,68.5,0.0,0.0,4
47538,h9drd9,63.8,0.0,0.0,1
47630,h9drd9,79.8,0.0,0.0,2
47653,h9drd9,74.8,1.424,91.67,2
47683,h9drd9,84.2,0.0,0.0,2
47781,h9drd9,84.7,0.021,4.17,2
47815,h9drd9,80.4,0.574,25.0,3
47839,h9drd9,80.5,0.894,41.67,2
47840,h9drd9,81.6,0.028,8.33,3
47863,h9drd9,76.7,0.031,8.33,1
47928,h9drd9,75.7,0.0,0.0,1
47936,h9drd9,74.8,0.0,0.0,1
48007,h9drd9,77.7,0.244,20.83,3
48014,h9drdb,84.5,0.041,4.17,1
48115,h9drdb,83.2,0.008,4.17,1
48122,h9drdb,81.7,0.034,8.33,3
48152,h9drdb,81.3,0.412,16.67,1
48235,h9drdb,75.2,0.0,0.0,1
48236,h9drdb,77.2,0.004,4.17,1
48251,h9drdb,69.6,0.008,4.17,1
48350,h9drdb,83.5,0.138,16.67,3
48351,h9drdb,83.6,0.007,4.17,1
48461,h9drdc,81.2,0.049,12.5,2
48469,h9drdc,78.3,0.487,58.33,1
48470,h9drdc,80.0,0.072,25.0,3
48590,h9drdc,84.0,0.0,0.0,2
48601,h9drdc,83.7,0.002,4.17,5
48659,h9drdc,81.3,0.213,45.83,4
48660,h9drdc,80.9,0.06,20.83,3
48687,h9drdc,80.5,0.017,8.33,2
48728,h9drdc,77.2,0.004,4.17,13
48787,h9drdc,72.3,0.0,0.0,2
48804,h9drdc,75.5,0.102,12.5,5
48933,h9drdc,78.9,2.857,79.17,1
48958,h9drdc,76.7,0.031,8.33,1
49060,h9drdd,80.6,0.008,4.17,1
49064,h9drdd,80.1,0.598,29.17,1
49157,h9drdd,65.1,0.0,0.0,1
49208,h9drdd,77.7,0.0,0.0,3
49300,h9drdd,83.9,0.114,12.5,1
49319,h9drdd,85.4,0.018,12.5,3
49340,h9drdd,80.4,0.597,20.83,2
49348,h9drdd,81.3,0.213,45.83,3
49352,h9drdd,81.4,0.28,25.0,1
49355,h9drdd,82.2,0.055,4.17,2
49359,h9drdd,80.1,0.206,25.0,4
49380,h9drdd,80.3,0.005,4.17,1
49381,h9drdd,80.8,0.066,12.5,4
49388,h9drdd,80.3,0.0,0.0,1
49408,h9drdd,68.5,0.0,0.0,3
49466,h9drdd,69.6,0.008,4.17,1
49470,h9drdd,63.8,0.0,0.0,4
49473,h9drdd,60.7,0.0,0.0,3
49487,h9drdd,74.2,0.0,0.0,6
49514,h9drdd,77.8,0.0,0.0,4
49606,h9drdd,81.8,0.075,12.5,2
49665,h9drdd,85.4,0.0,0.0,3
49716,h9drdd,87.1,0.0,0.0,2
49732,h9drdd,83.5,0.206,20.83,2
49737,h9drdd,81.7,0.06,8.33,3
49741,h9drdd,83.5,0.138,16.67,2
49747,h9drdd,82.5,0.517,45.83,1
49775,h9drdd,80.1,0.221,12.5,4
49789,h9drdd,77.3,0.0,0.0,1
49804,h9drdd,75.1,0.778,37.5,2
49933,h9drdd,72.5,1.795,95.83,4
49937,h9drdd,72.5,2.422,83.33,1
49957,h9drde,75.9,2.496,91.67,3
49991,h9drde,79.2,2.142,70.83,1
50087,h9drde,60.0,0.0,0.0,2
50249,h9drde,78.3,0.578,25.0,2
50252,h9drde,80.8,0.022,4.17,3
50258,h9drde,82.1,0.361,25.0,1
50264,h9drde,79.2,3.027,66.67,3
50275,h9drde,80.4,1.448,37.5,2
50285,h9drde,83.9,0.114,12.5,2
50320,h9drde,86.6,0.0,0.0,2
50329,h9drde,80.4,0.597,20.83,2
50333,h9drde,81.7,0.36,16.67,3
50337,h9drde,83.5,0.049,16.67,2
50344,h9drde,81.4,0.28,25.0,2
50369,h9drde,84.6,0.0,0.0,5
50383,h9drde,81.0,0.107,4.17,3
50402,h9drde,74.7,1.86,54.17,5
50403,h9drde,68.5,0.0,0.0,3
50420,h9drde,74.8,0.591,50.0,2
50472,h9drde,69.6,0.008,4.17,9
50479,h9drde,63.8,0.0,0.0,6
50532,h9drde,75.5,0.102,12.5,3
50540,h9drde,74.8,0.0,0.0,2
50549,h9drde,74.1,0.677,58.33,1
50582,h9drde,77.8,0.0,0.0,4
50610,h9drde,83.9,0.0,0.0,2
50616,h9drde,74.5,0.11,16.67,3
50622,h9drde,82.3,0.0,0.0,3
50628,h9drde,81.1,0.708,54.17,4
50651,h9drde,78.3,3.914,75.0,5
50664,h9drde,78.2,0.186,45.83,2
50749,h9drde,85.2,0.0,0.0,3
50772,h9drde,84.6,0.51,20.83,4
50802,h9drde,81.1,1.467,37.5,2
50804,h9drde,78.9,2.857,79.17,2
50837,h9drde,77.3,0.0,0.0,1
50859,h9drde,75.1,0.778,37.5,1
50860,h9drde,77.4,0.118,25.0,1
50921,h9drde,64.6,0.0,0.0,3
50960,h9drde,73.4,0.0,0.0,1
51030,h9drde,74.6,2.391,37.5,2
51044,h9drde,72.5,1.795,95.83,8
51050,h9drdf,84.7,0.028,12.5,1
51060,h9drdf,83.1,0.0,0.0,1
51070,h9drdf,79.2,2.142,70.83,3
51073,h9drdf,80.0,0.072,25.0,1
51218,h9drdf,83.9,0.114,12.5,1
51226,h9drdf,85.6,0.0,0.0,1
51233,h9drdf,81.9,0.023,12.5,3
51236,h9drdf,81.7,0.36,16.67,2
51256,h9drdf,80.1,0.206,25.0,3
51284,h9drdf,74.7,1.86,54.17,2
51302,h9drdf,74.5,0.013,4.17,1
51470,h9drdf,80.1,0.953,66.67,1
51493,h9drdf,83.6,0.234,41.67,1
51511,h9drdf,85.3,0.0,0.0,2
51606,h9drdf,75.7,0.0,0.0,3
51672,h9drdf,80.3,0.0,0.0,4
51711,h9drdg,79.2,2.142,70.83,3
51746,h9drdg,77.1,0.013,4.17,2
51774,h9drdg,77.8,0.039,4.17,1
51795,h9drdg,78.9,0.0,0.0,1
51816,h9drdg,80.8,0.022,4.17,3
51828,h9drdg,79.2,3.027,66.67,4
51866,h9drdg,83.8,0.163,20.83,2
51875,h9drdg,84.6,0.021,4.17,2
51895,h9drdg,81.9,0.023,12.5,2
51899,h9drdg,81.3,0.213,45.83,3
51903,h9drdg,81.4,0.28,25.0,5
51915,h9drdg,79.5,1.856,37.5,3
51918,h9drdg,81.6,0.0,0.0,4
51946,h9drdg,82.2,0.176,8.33,3
52067,h9drdg,74.8,0.0,0.0,3
52114,h9drdg,78.3,0.01,8.33,4
52153,h9drdg,78.3,3.914,75.0,2
52168,h9drdg,82.2,0.0,0.0,1
52270,h9drdg,83.4,0.002,8.33,2
52278,h9drdg,78.9,2.857,79.17,1
52280,h9drdg,80.9,0.0,0.0,5
52328,h9drdg,79.1,0.116,20.83,1
52385,h9drdg,75.8,0.0,0.0,2
52409,h9drdg,79.3,0.0,0.0,2
52450,h9drdg,72.3,2.553,58.33,6
52454,h9drdg,72.5,2.422,83.33,2
52590,h9drdh,75.2,0.487,37.5,1
52654,h9drdh,78.4,0.064,70.83,3
52658,h9drdh,83.7,0.002,4.17,6
52665,h9drdh,83.0,0.028,25.0,3
52672,h9drdh,83.5,0.072,12.5,1
52728,h9drdh,81.2,0.675,33.33,4
52738,h9drdh,80.4,0.597,20.83,3
52817,h9drdh,74.7,1.86,54.17,3
52882,h9drdh,63.8,0.0,0.0,3
52990,h9drdh,79.8,0.0,0.0,10
53009,h9drdh,79.9,0.016,8.33,3
53023,h9drdh,81.8,0.075,12.5,4
53036,h9drdh,78.6,0.081,12.5,2
53085,h9drdh,80.1,0.953,66.67,4
53130,h9drdh,84.3,0.094,4.17,4
53136,h9drdh,79.2,1.236,33.33,2
53138,h9drdh,80.4,0.574,25.0,1
53154,h9drdh,81.1,1.467,37.5,4
53157,h9drdh,80.9,0.0,0.0,3
53507,h9drdj,77.3,0.0,0.0,1
53532,h9drdj,79.9,0.45,33.33,1
53533,h9drdj,81.7,0.034,8.33,2
53568,h9drdj,77.7,0.934,95.83,4
53582,h9drdj,81.5,0.039,12.5,4
53603,h9drdj,84.7,0.619,16.67,2
53606,h9drdj,84.6,0.021,4.17,3
53631,h9drdj,83.6,0.0,0.0,1
53635,h9drdj,80.4,1.068,25.0,1
53657,h9drdj,82.0,0.008,4.17,4
53662,h9drdj,79.5,0.002,4.17,3
53671,h9drdj,77.9,1.041,54.17,1
53694,h9drdj,74.5,0.013,4.17,2
53729,h9drdj,63.8,0.0,0.0,4
53758,h9drdj,74.3,0.047,12.5,4
53804,h9drdj,80.5,0.0,0.0,1
53821,h9drdj,78.4,0.0,0.0,2
53832,h9drdj,79.8,0.0,0.0,6
53834,h9drdj,83.9,0.0,0.0,4
53841,h9drdj,79.9,0.016,8.33,3
53926,h9drdj,84.9,0.0,0.0,2
53969,h9drdj,81.1,1.467,37.5,2
53971,h9drdj,78.9,2.857,79.17,3
53984,h9drdj,81.0,0.018,8.33,2
54185,h9drdk,77.6,0.999,58.33,1
54193,h9drdk,75.9,0.027,12.5,1
54198,h9drdk,74.3,0.049,12.5,13
54310,h9drdk,75.8,0.0,0.0,5
54440,h9drdk,77.7,0.0,0.0,3
54528,h9drdk,80.8,0.022,4.17,2
54534,h9drdk,81.8,0.542,20.83,4
54543,h9drdk,79.2,3.027,66.67,1
54566,h9drdk,80.0,1.373,66.67,3
54570,h9drdk,80.4,1.448,37.5,5
54601,h9drdk,83.8,0.381,29.17,3
54609,h9drdk,86.0,0.121,8.33,2
54626,h9drdk,81.2,0.675,33.33,3
54631,h9drdk,80.4,0.597,20.83,6
54643,h9drdk,81.4,0.28,25.0,4
54686,h9drdk,83.1,0.162,25.0,4
54691,h9drdk,80.3,0.005,4.17,4
54707,h9drdk,82.2,0.176,8.33,3
54730,h9drdk,70.3,0.0,0.0,5
54736,h9drdk,74.2,0.004,4.17,4
54775,h9drdk,70.9,0.0,0.0,1
54819,h9drdk,63.8,0.0,0.0,4
54844,h9drdk,72.2,0.073,4.17,3
54951,h9drdk,77.8,0.0,0.0,2
54971,h9drdk,77.9,0.0,0.0,4
54977,h9drdk,79.8,0.0,0.0,1
54981,h9drdk,75.0,0.0,0.0,1
54989,h9drdk,79.9,0.016,8.33,6
55049,h9drdk,83.7,0.023,12.5,2
55078,h9drdk,81.7,0.537,41.67,9
55099,h9drdk,80.1,0.953,66.67,4
55138,h9drdk,86.0,0.1,12.5,3
55151,h9drdk,86.3,0.018,8.33,3
55158,h9drdk,84.6,0.51,20.83,3
55194,h9drdk,81.1,1.467,37.5,3
55198,h9drdk,82.5,0.517,45.83,3
55202,h9drdk,75.6,0.0,0.0,2
55209,h9drdk,79.9,0.0,0.0,7
55249,h9drdk,78.5,0.337,70.83,1
55286,h9drdk,74.7,0.008,4.17,3
55380,h9drdk,75.7,0.0,0.0,2
55708,h9drdm,81.7,0.034,8.33,1
55722,h9drdm,79.8,0.0,0.0,4
55734,h9drdm,82.8,0.025,16.67,2
55758,h9drdm,83.3,0.12,4.17,4
55801,h9drdm,84.1,0.019,4.17,2
55833,h9drdm,85.1,0.0,0.0,6
55846,h9drdm,83.5,0.031,12.5,2
55848,h9drdm,80.4,0.597,20.83,4
55858,h9drdm,81.9,0.023,12.5,5
55874,h9drdm,80.9,0.06,20.83,2
55877,h9drdm,81.4,0.091,37.5,3
55914,h9drdm,80.3,0.0,0.0,6
55952,h9drdm,74.2,0.004,4.17,5
56149,h9drdm,77.2,0.0,0.0,3
56184,h9drdm,77.9,0.0,0.0,5
56194,h9drdm,79.2,0.0,0.0,2
56220,h9drdm,78.3,3.914,75.0,6
56235,h9drdm,84.8,0.0,0.0,2
56361,h9drdm,81.1,1.467,37.5,6
56479,h9drdm,75.7,0.0,0.0,3
56490,h9drdm,76.1,0.0,0.0,2
56507,h9drdm,65.6,0.0,0.0,2
56594,h9drdn,81.1,0.0,0.0,4
56601,h9drdn,79.6,0.631,50.0,1
56623,h9drdn,74.2,0.0,0.0,2
56627,h9drdn,72.0,0.0,0.0,2
56675,h9drdn,76.8,0.585,25.0,3
56711,h9drdn,78.7,0.0,0.0,1
56721,h9drdn,74.5,0.0,0.0,1
56735,h9drdn,82.8,0.0,0.0,2
56740,h9drdn,81.7,0.034,8.33,2
56791,h9drdn,84.6,0.0,0.0,1
56847,h9drdn,80.4,0.597,20.83,2
56856,h9drdn,82.2,0.055,4.17,2
57008,h9drdn,58.8,0.0,0.0,4
57113,h9drdn,79.8,0.0,0.0,4
57117,h9drdn,79.2,0.0,0.0,2
57121,h9drdn,74.5,0.11,16.67,1
57136,h9drdn,79.2,1.641,20.83,2
57137,h9drdn,74.8,1.424,91.67,3
57141,h9drdn,78.2,0.186,45.83,1
57145,h9drdn,78.6,0.081,12.5,7
57237,h9drdn,80.4,0.574,25.0,1
57246,h9drdn,82.5,0.517,45.83,4
57347,h9drdn,72.1,3.987,75.0,1
57353,h9drdn,74.8,0.0,0.0,4
57423,h9drdn,72.3,2.553,58.33,3
57443,h9drdp,81.1,0.0,0.0,4
57537,h9drdp,77.0,1.043,54.17,3
57623,h9drdp,81.6,0.072,25.0,1
57624,h9drdp,82.7,0.021,12.5,2
57683,h9drdp,85.3,0.102,8.33,3
57687,h9drdp,86.5,0.013,4.17,4
57975,h9drdp,78.3,3.914,75.0,2
57978,h9drdp,78.2,0.186,45.83,3
58051,h9drdp,80.1,0.953,66.67,2
58073,h9drdp,85.0,0.03,12.5,4
58108,h9drdp,84.1,0.206,29.17,3
58115,h9drdp,80.0,0.625,29.17,1
58239,h9drdp,73.4,0.0,0.0,2
58305,h9drdq,77.9,1.5,29.17,5
58311,h9drdq,84.5,0.04,4.17,1
58315,h9drdq,81.1,0.0,0.0,1
58316,h9drdq,81.7,0.173,4.17,1
58329,h9drdq,83.1,0.0,0.0,2
58338,h9drdq,76.8,0.0,0.0,2
58345,h9drdq,77.6,0.999,58.33,1
58451,h9drdq,75.6,0.062,8.33,3
58592,h9drdq,78.3,0.578,25.0,2
58678,h9drdq,79.0,0.946,37.5,9
58699,h9drdq,80.4,1.068,25.0,4
58704,h9drdq,82.2,0.055,4.17,1
58740,h9drdq,81.0,0.107,4.17,3
58949,h9drdq,74.1,0.677,58.33,1
58951,h9drdq,77.1,0.0,0.0,2
58958,h9drdq,72.5,0.0,0.0,1
58963,h9drdq,82.9,0.071,8.33,2
58966,h9drdq,76.5,0.0,0.0,5
59013,h9drdq,78.3,3.914,75.0,2
59017,h9drdq,81.8,0.075,12.5,5
59021,h9drdq,79.5,0.081,16.67,1
59022,h9drdq,78.1,0.367,25.0,2
59030,h9drdq,84.2,0.0,0.0,3
59058,h9drdq,85.2,0.117,20.83,1
59142,h9drdq,83.5,0.206,20.83,4
59161,h9drdq,81.1,1.467,37.5,2
59174,h9drdq,79.9,0.0,0.0,4
59239,h9drdq,76.3,0.019,8.33,1
59367,h9drdq,72.5,1.795,95.83,5
59370,h9drdq,72.5,2.422,83.33,1
59384,h9drdr,75.9,2.496,91.67,2
59391,h9drdr,81.2,0.049,12.5,4
59414,h9drdr,79.2,2.142,70.83,2
59498,h9drdr,73.4,0.752,25.0,1
59535,h9drdr,66.0,0.0,0.0,1
59537,h9drdr,67.7,0.0,0.0,1
59550,h9drdr,69.5,0.0,0.0,2
59599,h9drdr,81.7,0.034,8.33,1
59639,h9drdr,82.7,0.021,12.5,1
59673,h9drdr,80.4,1.448,37.5,4
59727,h9drdr,80.4,0.597,20.83,3
59754,h9drdr,83.1,0.162,25.0,7
59764,h9drdr,80.8,0.066,12.5,2
59767,h9drdr,82.0,0.008,4.17,2
59781,h9drdr,82.2,0.176,8.33,3
59858,h9drdr,76.5,0.0,0.0,2
59967,h9drdr,77.1,0.0,0.0,2
60013,h9drdr,78.3,0.375,25.0,2
60023,h9drdr,78.2,0.512,20.83,1
60029,h9drdr,78.3,3.914,75.0,7
60043,h9drdr,78.1,0.367,25.0,4
60085,h9drdr,80.1,0.953,66.67,1
60150,h9drdr,80.4,0.574,25.0,2
60155,h9drdr,80.0,0.625,29.17,4
60167,h9drdr,85.3,0.0,0.0,2
60168,h9drdr,81.1,1.467,37.5,5
60175,h9drdr,80.9,0.0,0.0,3
60181,h9drdr,80.4,0.0,0.0,2
60210,h9drdr,75.5,0.0,0.0,1
60211,h9drdr,77.7,0.008,8.33,2
60248,h9drdr,76.7,0.423,29.17,3
60296,h9drdr,76.8,0.0,0.0,3
60355,h9drdr,68.8,0.0,0.0,2
60391,h9drdr,72.3,2.553,58.33,3
60395,h9drdr,72.5,1.795,95.83,3
60446,h9drds,70.7,0.0,0.0,2
60491,h9drds,72.9,0.044,33.33,1
60624,h9drds,80.4,0.597,20.83,2
60628,h9drds,81.4,0.28,25.0,3
60647,h9drds,80.3,0.005,4.17,3
60665,h9drds,73.8,0.088,29.17,1
60671,h9drds,74.7,1.86,54.17,6
60673,h9drds,68.5,0.0,0.0,5
60682,h9drds,74.2,0.004,4.17,6
60693,h9drds,74.5,0.013,4.17,3
60711,h9drds,77.2,0.004,4.17,1
60752,h9drds,72.2,0.073,4.17,5
60782,h9drds,74.8,0.0,0.0,2
60816,h9drds,77.8,0.0,0.0,3
60831,h9drds,79.8,0.0,0.0,2
60845,h9drds,83.3,0.021,4.17,5
60852,h9drds,78.3,3.914,75.0,3
60864,h9drds,84.3,0.046,12.5,2
60865,h9drds,84.2,0.0,0.0,3
60869,h9drds,83.7,0.114,8.33,1
60910,h9drds,86.7,0.0,0.0,2
60933,h9drds,78.9,2.857,79.17,3
61042,h9drds,75.5,0.0,0.0,2
61061,h9drdt,84.7,0.028,12.5,3
61174,h9drdt,71.1,0.056,16.67,1
61196,h9drdt,77.8,0.039,4.17,3
61244,h9drdt,81.7,0.034,8.33,2
61251,h9drdt,79.8,0.0,0.0,1
61261,h9drdt,83.0,0.0,0.0,1
61355,h9drdt,78.5,0.765,37.5,1
61357,h9drdt,80.5,0.017,8.33,2
61471,h9drdt,65.7,0.0,0.0,4
61488,h9drdt,71.1,0.249,12.5,2
61491,h9drdt,69.6,0.008,4.17,7
61502,h9drdt,65.6,0.0,0.0,2
61511,h9drdt,72.2,0.073,4.17,4
61541,h9drdt,74.8,0.0,0.0,4
61597,h9drdt,79.1,0.0,0.0,3
61624,h9drdt,78.3,3.914,75.0,2
61643,h9drdt,83.7,0.13,29.17,1
61704,h9drdt,83.5,0.138,16.67,3
61711,h9drdt,80.9,0.0,0.0,2
61753,h9drdt,77.4,0.118,25.0,2
61760,h9drdt,74.8,0.0,0.0,4
61786,h9drdt,76.1,0.0,0.0,1
61790,h9drdt,64.6,0.0,0.0,6
61797,h9drdt,74.3,0.0,0.0,2
61826,h9drdt,74.3,0.0,0.0,3
61857,h9drdt,76.1,0.001,4.17,1
61879,h9drdt,72.5,1.795,95.83,3
61891,h9drdu,82.8,0.264,25.0,2
61914,h9drdu,79.2,2.142,70.83,1
62008,h9drdu,85.4,0.018,12.5,2
62030,h9drdu,80.4,0.597,20.83,1
62046,h9drdu,79.5,1.856,37.5,3
62052,h9drdu,81.6,0.0,0.0,3
62064,h9drdu,80.8,0.066,12.5,4
62069,h9drdu,74.7,1.86,54.17,2
62071,h9drdu,68.5,0.0,0.0,4
62078,h9drdu,76.6,0.643,20.83,1
62086,h9drdu,76.5,0.0,0.0,3
62112,h9drdu,72.2,0.073,4.17,2
62135,h9drdu,74.7,0.0,0.0,8
62153,h9drdu,82.9,0.071,8.33,6
62160,h9drdu,77.8,0.0,0.0,4
62188,h9drdu,78.3,3.914,75.0,1
62194,h9drdu,78.6,0.081,12.5,3
62202,h9drdu,83.7,0.023,12.5,1
62223,h9drdu,80.1,0.953,66.67,2
62236,h9drdu,87.1,0.0,0.0,1
62237,h9drdu,86.3,0.018,8.33,3
62240,h9drdu,82.0,0.458,33.33,1
62258,h9drdu,78.9,2.857,79.17,3
62261,h9drdu,82.5,0.517,45.83,4
62325,h9drdu,76.1,0.0,0.0,3
62350,h9drdu,65.6,0.0,0.0,3
62412,h9drdv,83.7,0.002,4.17,1
62428,h9drdv,68.5,0.0,0.0,3
62453,h9drdv,79.9,0.016,8.33,2
62465,h9drdv,84.6,0.51,20.83,1
62469,h9drdv,80.9,0.0,0.0,2
62527,h9drdw,81.2,0.049,12.5,2
62574,h9drdw,70.7,0.0,0.0,2
62665,h9drdw,72.6,0.0,0.0,1
62709,h9drdw,81.7,0.034,8.33,2
62724,h9drdw,79.8,0.0,0.0,2
62726,h9drdw,80.5,0.0,0.0,1
62746,h9drdw,78.3,0.578,25.0,1
62767,h9drdw,80.8,0.367,50.0,3
62789,h9drdw,84.4,0.351,25.0,3
62826,h9drdw,81.9,0.023,12.5,1
62827,h9drdw,81.7,0.36,16.67,5
62841,h9drdw,80.9,0.06,20.83,5
62849,h9drdw,79.5,1.856,37.5,4
62859,h9drdw,80.8,0.0,0.0,3
62862,h9drdw,78.5,0.765,37.5,1
62867,h9drdw,84.6,0.0,0.0,2
62870,h9drdw,80.3,0.005,4.17,5
62875,h9drdw,80.8,0.066,12.5,1
62912,h9drdw,66.7,0.0,0.0,1
62939,h9drdw,75.0,0.0,0.0,1
62942,h9drdw,71.1,0.249,12.5,1
62981,h9drdw,74.8,0.0,0.0,3
63037,h9drdw,79.3,0.225,41.67,1
63039,h9drdw,79.2,0.0,0.0,2
63052,h9drdw,83.3,0.021,4.17,1
63059,h9drdw,79.2,1.641,20.83,3
63091,h9drdw,82.6,0.502,29.17,2
63165,h9drdw,83.6,0.007,4.17,2
63169,h9drdw,80.9,0.0,0.0,3
63173,h9drdw,79.5,0.0,0.0,1
63218,h9drdw,74.7,0.008,4.17,2
63228,h9drdw,64.6,0.0,0.0,9
63237,h9drdw,74.3,0.0,0.0,1
63252,h9drdw,65.6,0.0,0.0,4
63258,h9drdw,77.1,0.0,0.0,1
63265,h9drdw,75.3,0.0,0.0,1
63291,h9drdw,77.1,0.005,4.17,2
63308,h9drdx,84.5,0.041,4.17,2
63461,h9drdx,81.3,0.412,16.67,1
63462,h9drdx,80.8,0.367,50.0,1
63493,h9drdx,82.0,0.523,37.5,6
63760,h9drdx,74.8,1.424,91.67,1
63761,h9drdx,78.3,3.914,75.0,1
63782,h9drdx,78.1,0.367,25.0,2
63871,h9drdx,80.1,0.953,66.67,4
63900,h9drdx,85.2,0.0,0.0,2
